{
    "person":[
        {
            "type":"student",
            "name":"Toto",
            "id":"123",
            "password":"pass"
        },
        {
            "type":"administrator",
            "name":"tutu",
            "id": "9000",
            "password": "stallman"
        }

    ],
    "inventory":{
        "equipments":[
            {
                "type":"tablet",
                "features":[
                    {
                        "name":"OperatingSystem",
                        "value":"Windows"
                    }
                ],
                "health":{
                    "healthState":"OK",
                    "cause":""
                },
                "underRepair":false,
                "id":"ca072236-8f15-486d-93e4-2b21abb831a5"
            },
            {
                "type":"tablet",
                "features":[
                    {
                        "name":"OperatingSystem",
                        "value":"Windows"
                    }
                ],
                "health":{
                    "healthState":"OK",
                    "cause":""
                },
                "underRepair":false,
                "id":"95984d07-575a-49d1-a6cd-d964c9a38ffe"
            }
        ],
        "borrows":[
            {
                "id":"e69f2659-b0c8-4dc3-8d70-63a221fd20c2",
                "equipmentId":[
                    "ca072236-8f15-486d-93e4-2b21abb831a5",
                    "95984d07-575a-49d1-a6cd-d964c9a38ffe"
                ],
                "borrowerId":"123",
                "state":"DEMANDE_EMPRUNT",
                "borrowStart":{
                    "year":2013,
                    "month":10,
                    "dayOfMonth":3,
                    "hourOfDay":15,
                    "minute":48,
                    "second":56
                },
                "borrowEnd":{
                    "year":2013,
                    "month":10,
                    "dayOfMonth":6,
                    "hourOfDay":15,
                    "minute":48,
                    "second":56
                }
            }
        ]
    }
}
